id,title,text,label
1,Aliens spotted in city park,Eyewitnesses report incredible event that defies science.,FAKE
2,Local library opens new branch,Authorities report updates on ongoing city projects.,REAL
3,Chocolate cures all diseases,Researchers claim impossible phenomenon observed in lab.,FAKE
4,City park renovation completed,The event was organized to benefit the local community.,REAL
5,Man grows third arm overnight,Unbelievable story that experts cannot explain.,FAKE
6,Stock market hits record high,Scientists published new findings in a peer-reviewed journal.,REAL
7,Time travel device unveiled,A new study shows results that contradict known science.,FAKE
8,New public transport route launched,Officials confirmed the progress and completion of the project.,REAL
9,Scientists discover unicorn DNA,Residents shocked by discovery that seems unreal.,FAKE
10,Scientists discover new species of bird,Authorities report updates on ongoing city projects.,REAL
11,Moon made of cheese confirmed,Eyewitnesses report incredible event that defies science.,FAKE
12,Mayor announces housing plan,The event was organized to benefit the local community.,REAL
13,Dinosaurs cloned successfully,Researchers claim impossible phenomenon observed in lab.,FAKE
14,School wins national science competition,Scientists published new findings in a peer-reviewed journal.,REAL
15,Invisibility cloak invented,Unbelievable story that experts cannot explain.,FAKE
16,Hospital opens new wing,Officials confirmed the progress and completion of the project.,REAL
17,Mermaids found in Atlantic Ocean,A new study shows results that contradict known science.,FAKE
18,Community garden initiative succeeds,Authorities report updates on ongoing city projects.,REAL
19,Robot becomes president,Residents shocked by discovery that seems unreal.,FAKE
20,New technology improves crop yield,The event was organized to benefit the local community.,REAL
21,Aliens spotted in city park,Eyewitnesses report incredible event that defies science.,FAKE
22,Local library opens new branch,Scientists published new findings in a peer-reviewed journal.,REAL
23,Chocolate cures all diseases,Unbelievable story that experts cannot explain.,FAKE
24,City park renovation completed,Officials confirmed the progress and completion of the project.,REAL
25,Man grows third arm overnight,A new study shows results that contradict known science.,FAKE
26,Stock market hits record high,Authorities report updates on ongoing city projects.,REAL
27,Time travel device unveiled,Researchers claim impossible phenomenon observed in lab.,FAKE
28,New public transport route launched,The event was organized to benefit the local community.,REAL
29,Scientists discover unicorn DNA,Residents shocked by discovery that seems unreal.,FAKE
30,Scientists discover new species of bird,Scientists published new findings in a peer-reviewed journal.,REAL
31,Moon made of cheese confirmed,Eyewitnesses report incredible event that defies science.,FAKE
32,Mayor announces housing plan,Officials confirmed the progress and completion of the project.,REAL
33,Dinosaurs cloned successfully,Unbelievable story that experts cannot explain.,FAKE
34,School wins national science competition,A new study shows results that contradict known science.,REAL
35,Invisibility cloak invented,Residents shocked by discovery that seems unreal.,FAKE
36,Hospital opens new wing,Authorities report updates on ongoing city projects.,REAL
37,Mermaids found in Atlantic Ocean,Researchers claim impossible phenomenon observed in lab.,FAKE
38,Community garden initiative succeeds,The event was organized to benefit the local community.,REAL
39,Robot becomes president,Unbelievable story that experts cannot explain.,FAKE
40,New technology improves crop yield,Scientists published new findings in a peer-reviewed journal.,REAL
41,Aliens spotted in city park,A new study shows results that contradict known science.,FAKE
42,Local library opens new branch,Officials confirmed the progress and completion of the project.,REAL
43,Chocolate cures all diseases,Eyewitnesses report incredible event that defies science.,FAKE
44,City park renovation completed,Authorities report updates on ongoing city projects.,REAL
45,Man grows third arm overnight,Unbelievable story that experts cannot explain.,FAKE
46,Stock market hits record high,The event was organized to benefit the local community.,REAL
47,Time travel device unveiled,Researchers claim impossible phenomenon observed in lab.,FAKE
48,New public transport route launched,Scientists published new findings in a peer-reviewed journal.,REAL
49,Scientists discover unicorn DNA,Residents shocked by discovery that seems unreal.,FAKE
50,Scientists discover new species of bird,Officials confirmed the progress and completion of the project.,REAL
51,Moon made of cheese confirmed,A new study shows results that contradict known science.,FAKE
52,Mayor announces housing plan,Authorities report updates on ongoing city projects.,REAL
53,Dinosaurs cloned successfully,Eyewitnesses report incredible event that defies science.,FAKE
54,School wins national science competition,The event was organized to benefit the local community.,REAL
55,Invisibility cloak invented,Unbelievable story that experts cannot explain.,FAKE
56,Hospital opens new wing,Scientists published new findings in a peer-reviewed journal.,REAL
57,Mermaids found in Atlantic Ocean,Researchers claim impossible phenomenon observed in lab.,FAKE
58,Community garden initiative succeeds,Officials confirmed the progress and completion of the project.,REAL
59,Robot becomes president,Residents shocked by discovery that seems unreal.,FAKE
60,New technology improves crop yield,Authorities report updates on ongoing city projects.,REAL
61,Aliens spotted in city park,A new study shows results that contradict known science.,FAKE
62,Local library opens new branch,The event was organized to benefit the local community.,REAL
63,Chocolate cures all diseases,Unbelievable story that experts cannot explain.,FAKE
64,City park renovation completed,Scientists published new findings in a peer-reviewed journal.,REAL
65,Man grows third arm overnight,Eyewitnesses report incredible event that defies science.,FAKE
66,Stock market hits record high,Officials confirmed the progress and completion of the project.,REAL
67,Time travel device unveiled,Researchers claim impossible phenomenon observed in lab.,FAKE
68,New public transport route launched,Authorities report updates on ongoing city projects.,REAL
69,Scientists discover unicorn DNA,Unbelievable story that experts cannot explain.,FAKE
70,Scientists discover new species of bird,The event was organized to benefit the local community.,REAL
71,Moon made of cheese confirmed,Residents shocked by discovery that seems unreal.,FAKE
72,Mayor announces housing plan,Scientists published new findings in a peer-reviewed journal.,REAL
73,Dinosaurs cloned successfully,Researchers claim impossible phenomenon observed in lab.,FAKE
74,School wins national science competition,Officials confirmed the progress and completion of the project.,REAL
75,Invisibility cloak invented,A new study shows results that contradict known science.,FAKE
76,Hospital opens new wing,Authorities report updates on ongoing city projects.,REAL
77,Mermaids found in Atlantic Ocean,Unbelievable story that experts cannot explain.,FAKE
78,Community garden initiative succeeds,The event was organized to benefit the local community.,REAL
79,Robot becomes president,Researchers claim impossible phenomenon observed in lab.,FAKE
80,New technology improves crop yield,Scientists published new findings in a peer-reviewed journal.,REAL
81,Aliens spotted in city park,Residents shocked by discovery that seems unreal.,FAKE
82,Local library opens new branch,Officials confirmed the progress and completion of the project.,REAL
83,Chocolate cures all diseases,A new study shows results that contradict known science.,FAKE
84,City park renovation completed,Authorities report updates on ongoing city projects.,REAL
85,Man grows third arm overnight,Unbelievable story that experts cannot explain.,FAKE
86,Stock market hits record high,The event was organized to benefit the local community.,REAL
87,Time travel device unveiled,Researchers claim impossible phenomenon observed in lab.,FAKE
88,New public transport route launched,Scientists published new findings in a peer-reviewed journal.,REAL
89,Scientists discover unicorn DNA,Residents shocked by discovery that seems unreal.,FAKE
90,Scientists discover new species of bird,Officials confirmed the progress and completion of the project.,REAL
91,Moon made of cheese confirmed,Unbelievable story that experts cannot explain.,FAKE
92,Mayor announces housing plan,Authorities report updates on ongoing city projects.,REAL
93,Dinosaurs cloned successfully,A new study shows results that contradict known science.,FAKE
94,School wins national science competition,The event was organized to benefit the local community.,REAL
95,Invisibility cloak invented,Researchers claim impossible phenomenon observed in lab.,FAKE
96,Hospital opens new wing,Scientists published new findings in a peer-reviewed journal.,REAL
97,Mermaids found in Atlantic Ocean,Eyewitnesses report incredible event that defies science.,FAKE
98,Community garden initiative succeeds,Officials confirmed the progress and completion of the project.,REAL
99,Robot becomes president,Unbelievable story that experts cannot explain.,FAKE
100,New technology improves crop yield,Authorities report updates on ongoing city projects.,REAL
